< version="1.0" standalone="yes"/>
<RECORDS>
	<RECORD>
		<qry_cla>0</qry_cla>
		<domain>2pmzB07</domain>
	</RECORD>
	<RECORD>
		<qry_cla>1</qry_cla>
		<domain>2p4vA02</domain>
	</RECORD>
	<RECORD>
		<qry_cla>2</qry_cla>
		<domain>3l2nA01</domain>
	</RECORD>
	<RECORD>
		<qry_cla>3</qry_cla>
		<domain>1tu9A00</domain>
	</RECORD>
	<RECORD>
		<qry_cla>4</qry_cla>
		<domain>2h3gX01</domain>
	</RECORD>
	<RECORD>
		<qry_cla>5</qry_cla>
		<domain>1jo6A00</domain>
	</RECORD>
	<RECORD>
		<qry_cla>6</qry_cla>
		<domain>1f9fA00</domain>
	</RECORD>
	<RECORD>
		<qry_cla>7</qry_cla>
		<domain>8018702_1m</domain>
	</RECORD>
	<RECORD>
		<qry_cla>8</qry_cla>
		<domain>2p1aA00</domain>
	</RECORD>
	<RECORD>
		<qry_cla>9</qry_cla>
		<domain>4wjlA02</domain>
	</RECORD>
	<RECORD>
		<qry_cla>10</qry_cla>
		<domain>2jbvA02</domain>
	</RECORD>
	<RECORD>
		<qry_cla>11</qry_cla>
		<domain>1ymqA01</domain>
	</RECORD>
	<RECORD>
		<qry_cla>12</qry_cla>
		<domain>4rdrA01</domain>
	</RECORD>
	<RECORD>
		<qry_cla>13</qry_cla>
		<domain>3ioqA00</domain>
	</RECORD>
	<RECORD>
		<qry_cla>14</qry_cla>
		<domain>2iqjA00</domain>
	</RECORD>
	<RECORD>
		<qry_cla>15</qry_cla>
		<domain>8092468_6v</domain>
	</RECORD>
	<RECORD>
		<qry_cla>16</qry_cla>
		<domain>3bnvA00</domain>
	</RECORD>
	<RECORD>
		<qry_cla>17</qry_cla>
		<domain>2r56H01</domain>
	</RECORD>
	<RECORD>
		<qry_cla>18</qry_cla>
		<domain>2cokA00</domain>
	</RECORD>
	<RECORD>
		<qry_cla>19</qry_cla>
		<domain>1hcqA00</domain>
	</RECORD>
	<RECORD>
		<qry_cla>20</qry_cla>
		<domain>3huuA02</domain>
	</RECORD>
	<RECORD>
		<qry_cla>21</qry_cla>
		<domain>1s94B00</domain>
	</RECORD>
	<RECORD>
		<qry_cla>22</qry_cla>
		<domain>5l9sA01</domain>
	</RECORD>
	<RECORD>
		<qry_cla>23</qry_cla>
		<domain>3odtA00</domain>
	</RECORD>
	<RECORD>
		<qry_cla>24</qry_cla>
		<domain>1palA00</domain>
	</RECORD>
	<RECORD>
		<qry_cla>25</qry_cla>
		<domain>1dgjA02</domain>
	</RECORD>
	<RECORD>
		<qry_cla>26</qry_cla>
		<domain>8025171_1e</domain>
	</RECORD>
	<RECORD>
		<qry_cla>27</qry_cla>
		<domain>1k2aA00</domain>
	</RECORD>
	<RECORD>
		<qry_cla>28</qry_cla>
		<domain>4uy1A00</domain>
	</RECORD>
	<RECORD>
		<qry_cla>29</qry_cla>
		<domain>1sziA02</domain>
	</RECORD>
	<RECORD>
		<qry_cla>30</qry_cla>
		<domain>1avuA00</domain>
	</RECORD>
	<RECORD>
		<qry_cla>31</qry_cla>
		<domain>3bsmA02</domain>
	</RECORD>
	<RECORD>
		<qry_cla>32</qry_cla>
		<domain>5c66A00</domain>
	</RECORD>
	<RECORD>
		<qry_cla>33</qry_cla>
		<domain>2v8zA00</domain>
	</RECORD>
	<RECORD>
		<qry_cla>34</qry_cla>
		<domain>3fn0H01</domain>
	</RECORD>
	<RECORD>
		<qry_cla>35</qry_cla>
		<domain>5dvbA00</domain>
	</RECORD>
	<RECORD>
		<qry_cla>36</qry_cla>
		<domain>2n3gA00</domain>
	</RECORD>
	<RECORD>
		<qry_cla>37</qry_cla>
		<domain>3fd3A02</domain>
	</RECORD>
	<RECORD>
		<qry_cla>38</qry_cla>
		<domain>4k2xA01</domain>
	</RECORD>
	<RECORD>
		<qry_cla>39</qry_cla>
		<domain>2q24A00</domain>
	</RECORD>
	<RECORD>
		<qry_cla>40</qry_cla>
		<domain>3dmyA03</domain>
	</RECORD>
	<RECORD>
		<qry_cla>41</qry_cla>
		<domain>2qywA00</domain>
	</RECORD>
	<RECORD>
		<qry_cla>42</qry_cla>
		<domain>5dhvA00</domain>
	</RECORD>
	<RECORD>
		<qry_cla>43</qry_cla>
		<domain>1wxlA00</domain>
	</RECORD>
	<RECORD>
		<qry_cla>44</qry_cla>
		<domain>2di4A00</domain>
	</RECORD>
	<RECORD>
		<qry_cla>45</qry_cla>
		<domain>8029491_1u</domain>
	</RECORD>
	<RECORD>
		<qry_cla>46</qry_cla>
		<domain>4kc3B02</domain>
	</RECORD>
	<RECORD>
		<qry_cla>47</qry_cla>
		<domain>2aheA01</domain>
	</RECORD>
	<RECORD>
		<qry_cla>48</qry_cla>
		<domain>1jdsA00</domain>
	</RECORD>
	<RECORD>
		<qry_cla>49</qry_cla>
		<domain>3bfjA02</domain>
	</RECORD>
	<RECORD>
		<qry_cla>50</qry_cla>
		<domain>8030546_1u</domain>
	</RECORD>
	<RECORD>
		<qry_cla>51</qry_cla>
		<domain>2b51A01</domain>
	</RECORD>
	<RECORD>
		<qry_cla>52</qry_cla>
		<domain>3hrdC02</domain>
	</RECORD>
	<RECORD>
		<qry_cla>53</qry_cla>
		<domain>1oaqL00</domain>
	</RECORD>
	<RECORD>
		<qry_cla>54</qry_cla>
		<domain>8027279_1c</domain>
	</RECORD>
	<RECORD>
		<qry_cla>55</qry_cla>
		<domain>8067903_5w</domain>
	</RECORD>
	<RECORD>
		<qry_cla>56</qry_cla>
		<domain>2x7mA01</domain>
	</RECORD>
	<RECORD>
		<qry_cla>57</qry_cla>
		<domain>1ifmA00</domain>
	</RECORD>
	<RECORD>
		<qry_cla>58</qry_cla>
		<domain>8066212_6e</domain>
	</RECORD>
	<RECORD>
		<qry_cla>59</qry_cla>
		<domain>8045187_5t</domain>
	</RECORD>
	<RECORD>
		<qry_cla>60</qry_cla>
		<domain>4zqbA02</domain>
	</RECORD>
	<RECORD>
		<qry_cla>61</qry_cla>
		<domain>8024335_1u</domain>
	</RECORD>
	<RECORD>
		<qry_cla>62</qry_cla>
		<domain>8057533_1h</domain>
	</RECORD>
	<RECORD>
		<qry_cla>63</qry_cla>
		<domain>8066229_6b</domain>
	</RECORD>
	<RECORD>
		<qry_cla>64</qry_cla>
		<domain>2v7iA01</domain>
	</RECORD>
	<RECORD>
		<qry_cla>65</qry_cla>
		<domain>4m8sA00</domain>
	</RECORD>
	<RECORD>
		<qry_cla>66</qry_cla>
		<domain>1gm5A01</domain>
	</RECORD>
	<RECORD>
		<qry_cla>67</qry_cla>
		<domain>1sofA00</domain>
	</RECORD>
	<RECORD>
		<qry_cla>68</qry_cla>
		<domain>4kzsA03</domain>
	</RECORD>
	<RECORD>
		<qry_cla>69</qry_cla>
		<domain>2fiwA00</domain>
	</RECORD>
	<RECORD>
		<qry_cla>70</qry_cla>
		<domain>1fdqA00</domain>
	</RECORD>
	<RECORD>
		<qry_cla>71</qry_cla>
		<domain>2gmhA02</domain>
	</RECORD>
	<RECORD>
		<qry_cla>72</qry_cla>
		<domain>2yweA04</domain>
	</RECORD>
	<RECORD>
		<qry_cla>73</qry_cla>
		<domain>4mm0A00</domain>
	</RECORD>
	<RECORD>
		<qry_cla>74</qry_cla>
		<domain>2kn1A00</domain>
	</RECORD>
	<RECORD>
		<qry_cla>75</qry_cla>
		<domain>2hpvA00</domain>
	</RECORD>
	<RECORD>
		<qry_cla>76</qry_cla>
		<domain>1m7vA03</domain>
	</RECORD>
	<RECORD>
		<qry_cla>77</qry_cla>
		<domain>3hwkA02</domain>
	</RECORD>
	<RECORD>
		<qry_cla>78</qry_cla>
		<domain>4xpwA00</domain>
	</RECORD>
	<RECORD>
		<qry_cla>79</qry_cla>
		<domain>1hi7A00</domain>
	</RECORD>
	<RECORD>
		<qry_cla>80</qry_cla>
		<domain>5i45A00</domain>
	</RECORD>
	<RECORD>
		<qry_cla>81</qry_cla>
		<domain>1z84B01</domain>
	</RECORD>
	<RECORD>
		<qry_cla>82</qry_cla>
		<domain>3bjuA02</domain>
	</RECORD>
	<RECORD>
		<qry_cla>83</qry_cla>
		<domain>3gyoA01</domain>
	</RECORD>
	<RECORD>
		<qry_cla>84</qry_cla>
		<domain>8089253_6n</domain>
	</RECORD>
	<RECORD>
		<qry_cla>85</qry_cla>
		<domain>1cd5A00</domain>
	</RECORD>
	<RECORD>
		<qry_cla>86</qry_cla>
		<domain>1uc8A02</domain>
	</RECORD>
	<RECORD>
		<qry_cla>87</qry_cla>
		<domain>8031517_7a</domain>
	</RECORD>
	<RECORD>
		<qry_cla>88</qry_cla>
		<domain>3ffyA00</domain>
	</RECORD>
	<RECORD>
		<qry_cla>89</qry_cla>
		<domain>3r6mA01</domain>
	</RECORD>
	<RECORD>
		<qry_cla>90</qry_cla>
		<domain>5h3jA01</domain>
	</RECORD>
	<RECORD>
		<qry_cla>91</qry_cla>
		<domain>2vhvA02</domain>
	</RECORD>
	<RECORD>
		<qry_cla>92</qry_cla>
		<domain>2yqzA01</domain>
	</RECORD>
	<RECORD>
		<qry_cla>93</qry_cla>
		<domain>2eroA01</domain>
	</RECORD>
	<RECORD>
		<qry_cla>94</qry_cla>
		<domain>4p2oC01</domain>
	</RECORD>
	<RECORD>
		<qry_cla>95</qry_cla>
		<domain>3mwmA02</domain>
	</RECORD>
	<RECORD>
		<qry_cla>96</qry_cla>
		<domain>2wpdJ00</domain>
	</RECORD>
	<RECORD>
		<qry_cla>97</qry_cla>
		<domain>3fn9A02</domain>
	</RECORD>
	<RECORD>
		<qry_cla>98</qry_cla>
		<domain>2on7A01</domain>
	</RECORD>
	<RECORD>
		<qry_cla>99</qry_cla>
		<domain>4o5vA0300</domain>
	</RECORD>
</RECORDS>

